{
  "accuracy": 0.8762,
  "precision": 0.9034749034749034,
  "recall": 0.8424,
  "f1": 0.8718691782239701,
  "roc_auc": 0.95135584
}