{
  "accuracy": 0.7887,
  "precision": 0.7817684950224478,
  "recall": 0.801,
  "f1": 0.791267410846587,
  "roc_auc": 0.8342927200000001
}